x,y,diameter,name
172.0,216.0,76.313065,Blah
132.0,248.0,75.02916,Blah
95.0,225.0,45.40743,Blah
67.0,166.0,69.16191,Blah
97.0,105.0,78.59201,Blah
221.0,101.0,48.10307,Blah
438.0,216.0,54.14485,Blah
428.0,153.0,66.049095,Blah
404.0,111.0,48.961723,Blah
313.0,75.0,79.9387,Blah
